user_id,event_id,rating
3647864012,684921758,3.5
3647864012,244999119,4
3647864012,3928440935,4.5
3647864012,2582345152,4
3647864012,1051165850,3.5
3647864012,1212611096,3.5
3647864012,3689283674,4
3647864012,2584113432,4.5
3647864012,3365728297,3.4
3647864012,2912638473,3.5
3647864012,1609864127,4.2
3647864012,1304227508,4.1
3647864012,2608543989,3.5
3647864012,298169907,4
3647864012,2953099360,4.5
3647864012,615449287,4
3647864012,1922719636,3.5
44098316,1261820355,3.5
44098316,2773204108,4
44098316,2285783902,4.5
44098316,1873976153,3.4
44098316,1820269907,3.5
44098316,1929622843,4.2
44098316,2312158323,4.1
44098316,1091130052,3.5
44098316,1888241344,4
44098316,3436633625,4.5
44098316,1511862915,4
44098316,3980763324,3.5
44098316,2259674237,3.5
44098316,104397174,3
44098316,2352676247,4.5
44098316,163395593,3.4
44098316,268215542,3.5
44098316,4202927804,4.2
44098316,40348900,4.1
44098316,940258698,3
44098316,3154390339,3.5
44098316,3685386977,4
44098316,31247346,4.5
44098316,2587616435,4
44098316,4219761316,3.5
44098316,297856962,3.5
44098316,3191079645,4
44098316,4057770067,4.5
44098316,4004496621,3.4
208532117,739705932,3.5
208532117,2219919748,4.2
208532117,2998372996,4.1
208532117,920467258,3.5
208532117,3555202073,4
208532117,1145166049,4.5
208532117,895832538,4
208532117,2828937719,3.5
208532117,2165261948,3.5
208532117,1081122807,4
208532117,3161434996,4.5
208532117,905503405,3.4
208532117,3028497756,3.5
208532117,2243576360,4.2
208532117,3950286482,4.1
208532117,2311647821,3.5
208532117,2038082048,4
208532117,679148240,4.5
208532117,2439597708,4
208532117,735593165,3.5
208532117,2126750158,3.5
208532117,3611263082,3
208532117,963138294,4.5
208532117,2622371373,3.4
208532117,732997628,3.5
208532117,4216192606,4.2
208532117,2569196977,4.1
208532117,2313587840,3
208532117,920600431,3.5
208532117,2821117540,4
208532117,3212079634,4.5
208532117,4145665238,4
208532117,754216076,3.5
208532117,1555919109,3.5
208532117,524691289,4
208532117,3618436742,4.5
208532117,4055349094,3.4
208532117,3657281130,3.5
208532117,3406775761,4.2
208532117,1107859556,4.1
208532117,183285682,3.5
208532117,2042697619,4
208532117,1769821149,4.5
208532117,3323980704,4
208532117,2915353594,3.5
208532117,2508555495,3.5
208532117,3349548561,4
208532117,1801869689,4.5
208532117,2922265580,3.4
208532117,2860184053,3.5
208532117,2428635671,4.2
208532117,2636581520,4.1
208532117,2305935776,3.5
208532117,1660818988,4
208532117,3563682200,4.5
208532117,4088563716,4
208532117,2863236195,3.5
208532117,3488564904,3.5
208532117,2129139974,3
208532117,3684195312,4.5
208532117,3213836603,3.4
208532117,3933213847,3.5
208532117,3446902030,4.2
208532117,4106103231,4.1
208532117,3472605389,3
208532117,4246557753,3.5
208532117,3602808603,4
208532117,119933342,4.5
208532117,1711893150,4
208532117,2828744482,3.5
208532117,1627031750,3.5
208532117,3256763267,4
208532117,545994124,4.5
208532117,1162247222,3.4
208532117,2105535604,3.5
208532117,2682191451,4.2
208532117,1649886205,4.1
208532117,2455742965,3.5
208532117,4174222591,4
208532117,119750609,4.5
208532117,2158886392,4
208532117,2054163586,3.5
208532117,2575352938,3.5
208532117,46300535,4
208532117,3759330615,4.5
208532117,30650936,3.4
208532117,18463055,3.5
208532117,2071837302,4.2
208532117,3900421971,4.1
208532117,1810747729,3.5
208532117,3392552803,4
208532117,1769487166,4.5
208532117,3162166853,4
208532117,536059045,3.5
208532117,3507025494,3.5
208532117,3123670463,3
208532117,3884118877,4.5
208532117,2892367012,3.4
208532117,1991264807,3.5
208532117,2658555390,4.2
208532117,666088517,4.1
208532117,3124812840,3
208532117,2191612778,3.5
208532117,2863707763,4
208532117,1830089924,4.5
208532117,1885776015,4
208532117,1819075340,3.5
208532117,1629566665,3.5
208532117,4193497268,4
208532117,1343362100,4.5
208532117,3580637647,3.4
208532117,332209679,3.5
208532117,1599219405,4.2
208532117,4215686475,4.1
208532117,2285108120,3.5
208532117,3757350352,4
208532117,1366554501,4.5
208532117,4285155515,4
208532117,2422810156,3.5
208532117,218126976,3.5
208532117,2885716123,4
208532117,472699259,4.5
208532117,1095858231,3.4
208532117,1455527953,3.5
208532117,546889678,4.2
208532117,1364538695,4.1
208532117,4163453351,3.5
208532117,3703612480,4
208532117,3716036142,4.5
208532117,590379964,4
208532117,1670529571,3.5
208532117,1553171836,3.5
208532117,1924180022,3
208532117,570436992,4.5
208532117,2789589094,3.4
208532117,2005050320,3.5
208532117,3088405938,4.2
208532117,620931168,4.1
208532117,3384785057,3
208532117,2409076523,3.5
208532117,2305488974,4
208532117,937369584,4.5
208532117,1012343640,4
208532117,1194159142,3.5
208532117,1144728004,3.5
208532117,2513953842,4
208532117,4142633382,4.5
208532117,533528858,3.4
208532117,1303299495,3.5
208532117,1927107595,4.2
208532117,1430932461,4.1
208532117,1610359399,3.5
208532117,519705421,4
208532117,2401113510,4.5
208532117,3060412046,4
208532117,18690082,3.5
208532117,811345080,3.5
208532117,373308576,4
208532117,1957749285,4.5
208532117,3050501263,3.4
208532117,3288650677,3.5
208532117,2265946558,4.2
208532117,238152389,4.1
208532117,3048578499,3.5
208532117,3639157503,4
208532117,805562777,4.5
208532117,3509870432,4
208532117,2437040715,3.5
208532117,4134671058,3.5
208532117,1626822880,3
208532117,3365249126,4.5
208532117,2644800408,3.4
208532117,3911341942,3.5
208532117,298871218,4.2
208532117,44776435,4.1
208532117,3151646514,3
208532117,2602203758,3.5
208532117,898889852,4
208532117,1413634049,4.5
208532117,1859823732,4
208532117,4247882282,3.5
208532117,1983888102,3.5
208532117,1396446223,4
208532117,42204521,4.5
208532117,1381535648,3.4
208532117,3585709696,3.5
208532117,2630105655,4.2
208532117,944759264,4.1
208532117,3385943756,3.5
208532117,738328406,4
208532117,3337001263,4.5
208532117,3166241555,4
208532117,404979471,3.5
208532117,706200405,3.5
208532117,2525346233,4
208532117,2042113559,4.5
208532117,1386404286,3.4
208532117,3475854859,3.5
208532117,3531332626,4.2
208532117,236108826,4.1
208532117,899438727,3.5
208532117,92245848,4
3647864012,2314435352,4.5
3647864012,3346955590,4
3647864012,236295067,3.5
3647864012,2233058127,3.5
3647864012,2257756009,3
3647864012,3417170518,4.5
3647864012,2373658545,3.4
3647864012,3755008121,3.5
3647864012,2396566946,4.2
3647864012,3039059830,4.1
3647864012,2588877820,3
3647864012,2144335101,3.5
3647864012,892306356,4
3647864012,3145208730,4.5
3647864012,3331152144,4
3647864012,1619676916,3.5
3647864012,565075405,3.5
3647864012,2627400380,4
3647864012,230117918,4.5
3647864012,4358089,3.4
3647864012,2876844499,3.5
3647864012,1933542442,4.2
3647864012,3284103018,4.1
3647864012,2654661184,3.5
3647864012,3773489407,4
3647864012,1880156476,4.5
3647864012,1949729672,4
3647864012,25800108,3.5
3647864012,408474887,3.5
3647864012,3175383828,4
3647864012,3711909804,4.5
3647864012,229252687,3.4
3647864012,2538041788,3.5
3647864012,642644408,4.2
3647864012,2398136361,4.1
3647864012,3701432790,3.5
3647864012,4098307380,4
3647864012,1605169579,4.5
3647864012,3980899956,4
3647864012,676728856,3.5
3647864012,882787831,3.5
3647864012,690062686,3
3647864012,2624001814,4.5
3647864012,4242131970,3.4
3647864012,1093844070,3.5
3647864012,3249170164,4.2
3647864012,4032767837,4.1
3647864012,2992914551,3
3647864012,3425996117,3.5
3647864012,78018780,4
3647864012,616947433,4.5
3647864012,4215729078,4
3647864012,2815171271,3.5
3647864012,191035332,3.5
3647864012,1397608202,4
3647864012,2491721612,4.5
3647864012,3029657775,3.4
3647864012,1330332438,3.5
3647864012,227049625,4.2
3647864012,1643773664,4.1
3647864012,1530694090,3.5
3647864012,1536770720,4
3647864012,623791878,4.5
3647864012,2741999232,4
3647864012,1437150324,3.5
3647864012,4021236305,3.5
3647864012,2324438453,4
3647864012,2594274741,4.5
3647864012,191858278,3.4
3647864012,3007918636,3.5
3647864012,1019287013,4.2
3647864012,2498438372,4.1
3647864012,2388719133,3.5
3647864012,2604545919,4
3647864012,4206300929,4.5
3647864012,2863044222,4
3647864012,2112694342,3.5
3647864012,378308819,3.5
3647864012,3790866767,3
3647864012,2172580817,4.5
3647864012,922424424,3.4
3647864012,2002146936,3.5
3647864012,3491741350,4.2
3647864012,140336062,4.1
3647864012,1437816019,3
3647864012,244219005,3.5
3647864012,974024618,4
3647864012,1076499062,4.5
3647864012,1773363754,4
3647864012,3678607925,3.5
3647864012,3917524398,3.5
3647864012,686023870,4
3647864012,1100725936,4.5
3647864012,2424074793,3.4
3647864012,1574913732,3.5
3647864012,3007412705,4.2
3647864012,3728974729,4.1
3647864012,3526163305,3.5
3647864012,2227570794,4
3647864012,1684746528,4.5
3647864012,4192218834,4
3647864012,964120039,3.5
3647864012,1445820524,3.5
3647864012,1991938600,4
3647864012,3022809854,4.5
3647864012,1718839450,3.4
3647864012,776708517,3.5
3647864012,2477400016,4.2
3647864012,880064528,4.1
3647864012,1224985099,3.5
3647864012,1907550340,4
3647864012,1973916091,4.5
3647864012,843570927,4
3647864012,589257919,3.5
3647864012,860629845,3.5
3647864012,3451289141,3
3647864012,1738754396,4.5
3647864012,2571012976,3.4
3647864012,724028325,3.5
3647864012,2415154995,4.2
3647864012,585272047,4.1
3647864012,539032065,3
3647864012,65641389,3.5
3647864012,191271461,4
3647864012,265740872,4.5
3647864012,153997026,4
3647864012,845902488,3.5
3647864012,1671385767,3.5
3647864012,2063056872,4
3647864012,1165693561,4.5
3647864012,1154762179,3.4
3647864012,3362121781,3.5
3647864012,1018819627,4.2
3647864012,854375268,4.1
3647864012,2571050863,3.5
3647864012,757000026,4
3647864012,495876188,4.5
3647864012,835360674,4
3647864012,1780282425,3.5
3647864012,3374746454,3.5
3647864012,1096700405,4
3647864012,2362894171,4.5
3647864012,4272211954,3.4
3647864012,3376050735,3.5
3647864012,3744389392,4.2
3647864012,191661856,4.1
3647864012,1376745282,3.5
3647864012,293751558,4
3647864012,176458041,4.5
3647864012,2233735163,4
3647864012,1179474743,3.5
3647864012,2871310940,3.5
3647864012,1781986615,3
3647864012,334013045,4.5
3647864012,3843631351,3.4
3647864012,2310207880,3.5
3647864012,650456731,4.2
3647864012,2700038507,4.1
3647864012,3913698961,3
3647864012,2350936091,3.5
3647864012,2608367718,4
3647864012,949519938,4.5
3647864012,293516808,4
3647864012,1942535569,3.5
781585781,1420231458,3.5
781585781,2143251401,4
781585781,3882632768,4.5
781585781,616825218,3.4
781585781,1010067902,3.5
781585781,3797841998,4.2
781585781,2307150378,4.1
781585781,507816315,3.5
781585781,1418616930,4
781585781,2501314150,4.5
781585781,1968232351,4
781585781,2795674177,3.5
781585781,1401905636,3.5
781585781,3836582687,4
781585781,3739525198,4.5
781585781,1066839399,3.4
781585781,1363619788,3.5
781585781,2996923495,4.2
781585781,108328258,4.1
781585781,945627510,3.5
781585781,2489007829,4
781585781,3105234108,4.5
781585781,3253996490,4
781585781,1032588622,3.5
781585781,3728988828,3.5
781585781,4020625664,3
781585781,2573061069,4.5
781585781,423623928,3.4
781585781,2615721365,3.5
781585781,2410300337,4.2
781585781,728126986,4.1
781585781,389818573,3
781585781,3221372597,3.5
781585781,4092423355,4
781585781,2659763559,4.5
781585781,3472930517,4
781585781,97217712,3.5
781585781,3551254564,3.5
781585781,935182201,4
781585781,517558243,4.5
781585781,3828205008,3.4
781585781,2760876250,3.5
781585781,550528378,4.2
781585781,975577539,4.1
781585781,1537309411,3.5
781585781,3182833252,4
781585781,973265170,4.5
781585781,536196786,4
781585781,3003229843,3.5
781585781,2009645483,3.5
781585781,301530247,4
781585781,1190695846,4.5
781585781,2894128040,3.4
781585781,2280892735,3.5
781585781,239276659,4.2
781585781,4140354199,4.1
911998654,974085606,3.5
2560826107,380501274,4
1817277614,2329324806,4.5
3954474781,102952604,4
2579961268,1085970489,3.5
3271102461,918116457,3.5
415464198,1268441808,3
2597689396,1178194459,4.5
3642324803,3436797348,3.4
3975206093,3263635682,3.5
708665138,872950970,4.2
708665138,3648276654,4.1
708665138,1783910332,3
708665138,1619445765,3.5
708665138,422354467,4
708665138,3028432012,4.5
708665138,3582418533,4
708665138,3506658662,3.5
708665138,3710884082,3.5
708665138,1335528193,4
708665138,766157199,4.5
708665138,578876481,3.4
708665138,221202458,3.5
708665138,3596510482,4.2
708665138,3969260761,4.1
708665138,2157929746,3.5
708665138,1629910947,4
708665138,861702567,4.5
708665138,2938749256,4
708665138,1992413107,3.5
708665138,2688524160,3.5
708665138,1333829432,4
708665138,3438993032,4.5
708665138,2438434714,3.4
708665138,169679772,3.5
708665138,2985774237,4.2
708665138,376593949,4.1
708665138,156353771,3.5
708665138,1282082433,4
708665138,2418966752,4.5
708665138,3120842736,4
708665138,51311653,3.5
708665138,1310511988,3.5
708665138,2575303578,3
708665138,78990001,4.5
708665138,1841503354,3.4
708665138,3227431115,3.5
708665138,1233762920,4.2
708665138,4085386358,4.1
708665138,3964060639,3
708665138,3893357703,3.5
708665138,590998091,4
708665138,1462902079,4.5
708665138,2918749132,4
708665138,2829792984,3.5
708665138,4133786107,3.5
708665138,2210350678,4
708665138,1857985857,4.5
708665138,2585678579,3.4
708665138,1399695501,3.5
708665138,1968332736,4.2
708665138,290465119,4.1
708665138,1529554640,3.5
708665138,53934373,4
708665138,3222995145,4.5
708665138,1300373544,4
708665138,3676617790,3.5
708665138,3347988500,3.5
708665138,3457347530,4
708665138,1888712494,4.5
708665138,2932009302,3.4
708665138,3381519000,3.5
708665138,4195924644,4.2
708665138,2936461848,4.1
708665138,2424001534,3.5
708665138,3835917768,4
708665138,401976348,4.5
708665138,126987905,4
708665138,3434302633,3.5
708665138,3096327312,3.5
708665138,1397490059,3
708665138,782675480,4.5
708665138,2600467156,3.4
708665138,1935879458,3.5
708665138,3627805046,4.2
708665138,651935571,4.1
708665138,1985153611,3
708665138,3527349382,3.5
708665138,1243182652,4
708665138,2209880365,4.5
708665138,3634712993,4
708665138,1467610412,3.5
708665138,2282291531,3.5
708665138,1281108322,4
708665138,2773268550,4.5
708665138,1468984003,3.4
708665138,3068417283,3.5
708665138,3327844721,4.2
708665138,3642792280,4.1
708665138,751127724,3.5
708665138,3213069097,4
708665138,197942693,4.5
708665138,4257575686,4
708665138,448676621,3.5
708665138,1827572703,3.5
708665138,3275971823,4
708665138,367679822,4.5
708665138,3668618395,3.4
708665138,2625171567,3.5
708665138,3232226488,4.2
708665138,1570840351,4.1
708665138,1701670121,3.5
708665138,741577656,4
708665138,1311508070,4.5
708665138,3906525090,4
708665138,1448857745,3.5
708665138,1485887263,3.5
708665138,4079660037,3
708665138,916138104,4.5
708665138,3047905054,3.4
708665138,1324111481,3.5
708665138,2247273347,4.2
708665138,4151648493,4.1
708665138,1387849986,3
708665138,3315946306,3.5
708665138,2974411380,4
708665138,4265122277,4.5
708665138,3219417278,4
708665138,767955252,3.5
708665138,1501679119,3.5
708665138,3758801899,4
708665138,529363423,4.5
708665138,266991255,3.4
708665138,1407801833,3.5
708665138,3494504561,4.2
708665138,1516269680,4.1
708665138,1003080943,3.5
708665138,3681892474,4
708665138,3441714081,4.5
708665138,585101277,4
708665138,3695021985,3.5
708665138,2411782898,3.5
708665138,1833797882,4
708665138,1868735086,4.5
708665138,742371239,3.4
708665138,256505275,3.5
708665138,472751320,4.2
708665138,2510844308,4.1
708665138,599395378,3.5
708665138,2583766647,4
708665138,1749438372,4.5
708665138,2097398760,4
708665138,2021591040,3.5
708665138,1460702001,3.5
708665138,2040806459,3
708665138,739161736,4.5
708665138,2992630849,3.4
708665138,3031574388,3.5
708665138,426403871,4.2
708665138,672898146,4.1
708665138,2499367081,3
708665138,3915345019,3.5
708665138,4023489552,4
708665138,2746202243,4.5
708665138,1337579906,4
708665138,2434261763,3.5
708665138,1612428848,3.5
708665138,1120137253,4
708665138,3323227161,4.5
708665138,412401632,3.4
708665138,130433830,3.5
708665138,1862523963,4.2
708665138,2027514460,4.1
708665138,1903444229,3.5
708665138,1287321572,4
708665138,4085563097,4.5
708665138,3047285147,4
708665138,2652418462,3.5
708665138,3258763656,3.5
708665138,4075641901,4
708665138,2534465304,4.5
708665138,385934286,3.4
708665138,2460468313,3.5
708665138,1960313393,4.2
708665138,2747019143,4.1
708665138,1112861675,3.5
708665138,829789151,4
708665138,1901024297,4.5
708665138,2140038223,4
708665138,2608868276,3.5
708665138,756677655,3.5
708665138,3515917616,3
708665138,777926482,4.5
708665138,1788118360,3.4
708665138,4002262960,3.5
708665138,2983692212,4.2
708665138,2205781579,4.1
708665138,3568507739,3
708665138,259831208,3.5
708665138,3609305791,4
708665138,1359628311,4.5
708665138,2418119146,4
708665138,4338728,3.5
708665138,2224372535,3.5
708665138,3602218872,4
708665138,2572191829,4.5
708665138,1279926604,3.4
708665138,2925123964,3.5
708665138,68165527,4.2
708665138,496448210,4.1
708665138,621804360,3.5
708665138,2215538627,4
708665138,1802384866,4.5
708665138,3457772907,4
708665138,3735610888,3.5
708665138,1375097426,3.5
708665138,2768148641,4
708665138,3714528190,4.5
708665138,1524210198,3.4
708665138,2812096822,3.5
708665138,912591076,4.2
708665138,3230037737,4.1
708665138,3568530093,3.5
708665138,3158209536,4
708665138,3578194644,4.5
708665138,1040287874,4
708665138,1740216148,3.5
708665138,3748371922,3.5
708665138,3024415288,3
708665138,2091000363,4.5
708665138,3564580304,3.4
708665138,1291223,3.5
708665138,3876880539,4.2
708665138,163596401,4.1
708665138,2311535183,3
708665138,3234404367,3.5
708665138,2460940520,4
708665138,1381542878,4.5
708665138,2564944207,4
708665138,1477873310,3.5
708665138,4040720416,3.5
708665138,3244310441,4
708665138,783009956,4.5
708665138,336717413,3.4
708665138,3541026589,3.5
708665138,3917650144,4.2
708665138,261979142,4.1
708665138,2347805619,3.5
708665138,518353450,4
708665138,3848398728,4.5
708665138,50143156,4
708665138,582469111,3.5
708665138,1380967886,3.5
708665138,3667347651,4
708665138,2859517688,4.5
708665138,1390215838,3.4
708665138,585591875,3.5
708665138,2104779638,4.2
708665138,3752361120,4.1
708665138,2051823435,3.5
708665138,96388984,4
708665138,1411420719,4.5
708665138,3224415095,4
708665138,3858649440,3.5
708665138,4196123543,3.5
708665138,289547860,3
708665138,4120081214,4.5
708665138,3052249532,3.4
708665138,485759520,3.5
708665138,371146330,4.2
708665138,2227327488,4.1
708665138,2106045350,3
708665138,1035220016,3.5
708665138,4016707245,4
708665138,645496062,4.5
708665138,1147128236,4
708665138,525756623,3.5
708665138,818429524,3.5
708665138,588028409,4
708665138,4067449894,4.5
708665138,3107665104,3.4
708665138,1986350795,3.5
708665138,1931835222,4.2
708665138,485122519,4.1
708665138,2059837219,3.5
708665138,3302022697,4
708665138,95222610,4.5
708665138,1263083592,4
708665138,847448590,3.5
708665138,1366335449,3.5
708665138,2593875755,4
708665138,2579662896,4.5
708665138,3834096078,3.4
708665138,2093124256,3.5
708665138,1975214296,4.2
708665138,1835505558,4.1
708665138,1632751544,3.5
708665138,1536697503,4
708665138,2403068738,4.5
708665138,1789989449,4
708665138,2563401651,3.5
708665138,376189925,3.5
708665138,3215772830,3
708665138,2755694033,4.5
708665138,3368350052,3.4
708665138,38524330,3.5
708665138,2425868121,4.2
708665138,1857725308,4.1
708665138,207098887,3
708665138,2618547501,3.5
708665138,404325670,3.5
708665138,1356756236,4
708665138,514011616,4.5
708665138,796822764,4
708665138,3442924375,3.5
708665138,4078921042,3.5
708665138,2826742018,4
708665138,155557856,4.5
708665138,3071741653,3.4
708665138,1239551311,3.5
708665138,1540632454,4.2
708665138,3501516037,4.1
708665138,2951513418,3.5
708665138,1843880228,4
708665138,2388147069,4.5
708665138,18215235,4
708665138,301829251,3.5
708665138,1898037368,3.5
708665138,2270102256,4
708665138,4014484701,4.5
708665138,1986267159,3.4
708665138,2474915261,3.5
708665138,1000096950,4.2
708665138,1035272527,4.1
708665138,3160799083,3.5
708665138,746004244,4
708665138,2948991861,4.5
708665138,3665853555,4
708665138,2126360479,3.5
708665138,3280118129,3.5
708665138,3214231049,3
708665138,2963067539,4.5
708665138,1706843515,3.4
708665138,2994761976,3.5
708665138,3008421892,4.2
708665138,3429068144,4.1
708665138,1980367212,3
708665138,3332224184,3.5
708665138,2567718553,4
708665138,1525403821,4.5
708665138,450237005,4
708665138,3201578953,3.5
708665138,1239807738,3.5
708665138,4109451679,4
708665138,1126460162,4.5
708665138,3098082351,3.4
708665138,864648986,3.5
708665138,769548302,4.2
708665138,2301288090,4.1
708665138,1843547516,3.5
708665138,2486769057,4
708665138,2259107837,4.5
708665138,2753288679,4
708665138,4023930600,3.5
708665138,501314028,3.5
708665138,684411144,4
708665138,3350068575,4.5
708665138,688307242,3.4
708665138,2918988666,3.5
708665138,46930776,4.2
708665138,2433114557,4.1
708665138,3614860500,3.5
708665138,4043675568,4
708665138,1791006714,4.5
708665138,2704128184,4
708665138,3877594933,3.5
708665138,2024635530,3.5
708665138,2533212840,3
708665138,320526920,4.5
708665138,3768483386,3.4
708665138,3260243095,3.5
708665138,591048011,4.2
708665138,4152358995,4.1
708665138,2278244909,3
708665138,3513599911,3.5
708665138,3890607081,4
708665138,3948281695,4.5
708665138,910196085,4
708665138,2538439083,3.5
708665138,2878363897,3.5
708665138,3524397386,4
708665138,2109233260,4.5
708665138,367292025,3.4
708665138,670892108,3.5
708665138,1363599562,4.2
708665138,1971308807,4.1
708665138,372708290,3.5
708665138,4040103238,4
708665138,2522264405,4.5
708665138,249123341,4
708665138,1937282755,3.5
708665138,25766138,3.5
708665138,94139756,4
708665138,638752549,4.5
708665138,461821474,3.4
708665138,2801865419,3.5
708665138,1416915019,4.2
708665138,2252223613,4.1
708665138,3175819236,3.5
708665138,2013519290,4
708665138,3996571072,4.5
708665138,274783596,4
708665138,1419735084,3.5
708665138,622768449,3.5
708665138,209009003,3
708665138,3680158231,4.5
708665138,3931428544,3.4
708665138,539740530,3.5
708665138,2898468358,4.2
708665138,2503835851,4.1
708665138,3596668357,3
708665138,22056281,3.5
708665138,2067710285,4
708665138,2676974579,4.5
708665138,3013377882,4
708665138,171938039,3.5
708665138,2705809839,3.5
708665138,3615226130,4
708665138,2035585763,4.5
708665138,543189876,3.4
708665138,1984679844,3.5
708665138,3807473703,4.2
708665138,1974635237,4.1
708665138,3762734970,3.5
708665138,103590222,4
708665138,773399280,4.5
708665138,3340573405,4
708665138,1664835126,3.5
708665138,1185803846,3.5
708665138,889564561,4
708665138,374048142,4.5
708665138,2426388013,3.4
708665138,1616708432,3.5
708665138,2224639772,4.2
708665138,1301669091,4.1
708665138,1735709930,3.5
708665138,1149638753,4
708665138,3827397292,4.5
708665138,3534614322,4
708665138,3868051210,3.5
708665138,704788176,3.5
708665138,2861834535,3
708665138,2215398706,4.5
708665138,747554299,3.4
708665138,3490999933,3.5
708665138,826092517,4.2
708665138,2296924167,4.1
708665138,956755358,3
708665138,2305604511,3.5
934253914,1018847377,4
934253914,284092691,4.5
934253915,2821614227,4
934253916,3441297029,3.5
934253917,1048852222,3.5
934253918,536760421,4
934253919,1049220100,4.5
934253920,3559843167,3.4
934253921,4071576342,3.5
934253922,1967264384,4.2
934253923,3851452731,4.1
934253924,3755605745,3.5
934253925,2028799780,4
934253926,4172033582,4.5
934253927,2321079855,4
934253928,3077306146,3.5
934253929,1334598769,3.5
934253930,8800310,4
934253931,2439659702,4.5
934253932,345032114,3.4
934253933,3596511766,3.5
934253934,2359059226,4.2
934253935,1831375037,4.1
934253936,3468776735,3.5
934253937,2579099444,4
934253938,1173568395,4.5
934253939,1985674305,4
934253940,208543108,3.5
934253941,1628587864,3.5
934253942,3566672382,3
934253943,4290834741,4.5
934253944,2270982980,3.4
934253945,1572254883,3.5
934253946,2554796748,4.2
934253947,671830406,4.1
934253948,3207172764,3
934253949,3154054521,3.5
934253950,3585232042,4
934253951,1999687206,4.5
934253952,2789362944,4
934253953,2005469055,3.5
934253954,520972156,3.5
934253955,745551106,4
934253956,615455831,4.5
934253957,1185341478,3.4
934253958,3642151870,3.5
934253959,4100325227,4.2
934253960,1608368938,4.1
934253961,3577533499,3.5
934253962,1815015202,4
934253963,2378269062,4.5
934253964,1418026382,4
934253965,1952078807,3.5
934253966,1720447783,3.5
934253967,4032864503,4
934253968,1715375387,4.5
934253969,2155093174,3.4
934253970,917037467,3.5
934253971,2860303065,4.2
934253972,1584649093,4.1
934253973,2955136153,3.5
934253974,1314501386,4
934253975,2458234043,4.5
934253976,2602266633,4
934253977,1571946233,3.5
934253978,2413438203,3.5
934253979,1830989879,3
934253980,3533179471,4.5
934253981,2338241717,3.4
934253982,416861949,3.5
934253983,953702623,4.2
934253984,1204122424,4.1
934253985,180926260,3
934253986,2029119577,3.5
934253987,3779504700,4
934253988,2430975141,4.5
934253989,2491948818,4
934253990,1574835046,3.5
934253991,3241562243,3.5
934253992,772899545,4
934253993,628616862,4.5
934253994,3795421454,3.4
934253995,444092634,3.5
934253996,1555666390,4.2
934253997,1456219652,4.1
934253998,2797582750,3.5
934253999,4036034245,4
934254000,1852610112,4.5
934254001,255881582,4
934254002,3875071360,3.5
934254003,1539241888,3.5
934254004,2689810425,4
934254005,2770725368,4.5
934254006,22148106,3.4
934254007,3476445146,3.5
934254008,2252542154,4.2
934254009,117216328,4.1
934254010,2708576666,3.5
934254011,1441862665,4
934254012,903499581,4.5
934254013,954482745,4
934254014,1935284852,3.5
934254015,1617330573,3.5
934254016,3545378315,3
934254017,262856525,4.5
934254018,4284458231,3.4
934254019,1485186317,3.5
934254020,590373702,4.2
934254021,368688218,4.1
934254022,87345208,3
934254023,1302333203,3.5
934254024,3778529460,4
934254025,3193702044,4.5
934254026,2388329316,4
934254027,3045034349,3.5
934254028,3230236382,3.5
934254029,1282065302,4
934254030,3300036356,4.5
934254031,3552734430,3.4
934254032,1028484844,3.5
934254033,1383259600,4.2
934254034,1518970874,4.1
934254035,3859654859,3.5
934254036,3287174120,4
934254037,1222195086,4.5
934254038,533037772,4
934254039,2415675545,3.5
934254040,2929106216,3.5
934254041,4011664036,4
934254042,4279779704,4.5
934254043,3294933817,3.4
934254044,1728255365,3.5
934254045,2136226438,4.2
934254046,1235337105,4.1
934254047,3809460356,3.5
934254048,3403067512,4
934254049,4156776095,4.5
934254050,3336486339,4
934254051,2846192664,3.5
934254052,2604969915,3.5
934254053,2261777881,3
934254054,446719709,4.5
934254055,4072047795,3.4
934254056,2102651368,3.5
934254057,1145679885,4.2
934254058,3818970726,4.1
934254059,241079044,3
934254060,292060687,3.5
934254061,2438655068,4
934254062,1944205507,4.5
934254063,2318311318,4
934254064,3987365215,3.5
934254065,3612442868,3.5
934254066,1657307122,4
934254067,4013431505,4.5
934254068,2088400426,3.4
934254069,3579731683,3.5
934254070,3080495057,4.2
934254071,3572054999,4.1
934254072,1805416901,3.5
934254073,1234057856,4
934254074,819051500,4.5
934254075,759886376,4
934254076,1199575078,3.5
934254077,2175971750,3.5
934254078,2369956359,4
934254079,367717839,4.5
934254080,1988758270,3.4
934254081,2906461846,3.5
934254082,3317152414,4.2
934254083,3176992893,4.1
934254084,3174088827,3.5
934254085,1388817322,4
934254086,2786936720,4.5
934254087,1258694154,4
934254088,79923280,3.5
934254089,1081826142,3.5
934254090,1042410395,3
934254091,1732220169,4.5
934254092,2686395556,3.4
934254093,4166140869,3.5
934254094,3085257676,4.2
934254095,484380143,4.1
934254096,1286262735,3
934254097,29618089,3.5
934254098,2938801516,4
934254099,821799525,4.5
934254100,2281305877,4
934254101,279060254,3.5
934254102,298506709,3.5
934254103,3019767376,4
934254104,3551312376,4.5
934254105,2493497745,3.4
934254106,3575174919,3.5
934254107,1812058555,4.2
934254108,2199462126,4.1
934254109,15253501,3.5
934254110,4224541459,4
934254111,1610540953,4.5
934254112,96642873,4
934254113,1978109112,3.5
934254114,72387209,3.5
934254115,97765055,4
934254116,3726146690,4.5
934254117,2791549375,3.4
934254118,2932035021,3.5
934254119,2896642039,4.2
934254120,537858047,4.1
934254121,257506368,3.5
934254122,2855238517,4
934254123,3881050870,4.5
934254124,554637539,4
934254125,8586497,3.5
934254126,1792535551,3.5
934254127,2934177959,3
934254128,3806158762,4.5
934254129,584629133,3.4
934254130,3499549789,3.5
934254131,3499165502,4.2
934254132,2761543440,4.1
934254133,2851227073,3
934254134,823278337,3.5
934254135,1940274571,4.1
934254136,669544125,3
934254137,1070855852,3.5
934254138,3235316688,4
934254139,4202458568,4.5
934254140,2159439238,4
934254141,913505426,3.5
934254142,3816530880,3.5
934254143,310206277,4
934254144,94647623,4.5
934254145,874573026,3.4
934254146,2861762659,3.5
934254147,3784902233,4.2
934254148,2791186941,4.1
934254149,491707793,3.5
934254150,2389109451,4
934254151,708614830,4.5
934254152,742184922,4
934254153,2479244284,3.5
934254154,3496107477,3.5
934254155,106728726,4
934254156,3786311636,4.5
934254157,776631053,3.4
934254158,984050448,3.5
934254159,3239948508,4.2
934254160,3539289434,4.1
934254161,3924419066,3.5
934254162,3244620185,4
934254163,1001836155,4.5
934254164,910841065,4
934254165,664367167,3.5
934254166,3813666733,3.5
934254167,415707105,3
934254168,246472864,4.5
934254169,3574030351,3.4
934254170,710863656,3.5
934254171,4091764429,4.2
934254172,1811709593,4.1
934254173,2949422530,3
934254174,1157003651,3.5
934254175,1513654203,4.1
934254176,3572131169,3
934254177,379980463,3.5
934254178,1258600746,4
934254179,1773151258,4.5
934254180,256284059,4
934254181,3156266855,3.5
934254182,2136567687,3.5
934254183,3239044505,4
934254184,4258263078,4.5
934254185,2670469301,3.4
934254186,3340770527,3.5
934254187,157092121,4.2
934254188,132397340,4.1
934254189,1219915827,3.5
934254190,3632003979,4
934254191,220070259,4.5
934254192,4209960919,4
934254193,1171315742,3.5
934254194,1642086734,3.5
934254195,2352788576,4
934254196,3534623034,4.5
934254197,799692764,3.4
934254198,14559521,3.5
934254199,2820227104,4.2
934254200,3993823061,4.1
934254201,1368913546,3.5
934254202,2141770207,4
934254203,2020187352,4.5
934254204,1455011781,4
934254205,3486740721,3.5
934254206,785316803,3.5
934254207,2908763405,3
934254208,3984015797,4.5
934254209,1748052015,3.4
934254210,742958181,3.5
934254211,470435052,4.2
934254212,1037811009,4.1
934254213,1011480759,3
934254214,1147124252,3.5
934254215,750297004,4.1
934254216,694987590,3
934254217,896611132,3.5
934254218,2769277182,4
934254219,2816514555,4.5
934254220,238940735,4
934254221,216719622,3.5
934254222,3577919320,3.5
934254223,3517783695,4
934254224,7313392,4.5
934254225,3707146052,3.4
934254226,5278914,3.5
934254227,3339492116,4.2
934254228,1173931059,4.1
934254229,385947017,3.5
934254230,3778851850,4
934254231,2296824757,4.5
934254232,1147506459,4
934254233,3383337018,3.5
934254234,598608509,3.5
934254235,2354444364,4
934254236,387100306,4.5
934254237,124507735,3.4
934254238,1429654812,3.5
934254239,2734038813,4.2
934254240,2738276644,4.1
934254241,4209330191,3.5
934254242,1489295540,4
934254243,4134336822,4.5
934254244,1000323192,4
934254245,1925214131,3.5
934254246,1969559971,3.5
934254247,2048487424,3
934254248,1879766624,4.5
934254249,452918335,3.4
934254250,1742565108,3.5
934254251,4270133472,4.2
934254252,2233096420,4.1
934254253,9226035,3
934254254,1321219331,3.5
934254255,2816369250,3
934254256,2107732441,3.5
934254257,2260856764,4
934254258,284489868,4.5
934254259,604700253,4
934254260,4027622050,3.5
934254261,1959455059,3.5
934254262,127888743,4
934254263,168567413,4.5
934254264,1694833720,3.4
934254265,933580373,3.5
934254266,2246574754,4.2
934254267,3184003721,4.1
934254268,2001331522,3.5
934254269,1673988968,4
934254270,2654817385,4.5
934254271,3939450803,4
934254272,412441183,3.5
934254273,513839109,3.5
934254274,3698134081,4
934254275,3055940786,4.5
934254276,849409305,3.4
934254277,2341362941,3.5
934254278,2263779120,4.2
934254279,1008530209,4.1
934254280,1531856521,3.5
934254281,4147609167,4
934254282,2260510445,4.5
934254283,3416498760,4
934254284,2246216115,3.5
934254285,4192978438,3.5
934254286,1799892405,3
934254287,1216254260,4.5
934254288,640094267,3.4
934254289,678043956,3.5
934254290,107903451,4.2
934254291,2602219547,4.1
934254292,17402775,3
934254293,28514814,3.5
934254294,1736830319,3
934254295,2001242110,3.5
934254296,795509310,4
934254297,725077314,4.5
934254298,1802506220,4
934254299,2347991609,3.5
934254300,1004963427,3.5
934254301,3313775102,4
934254302,1405728696,4.5
934254303,3210901336,3.4
934254304,2322410868,3.5
934254305,1427699697,4.2
934254306,80712325,4.1
934254307,3419691981,3.5
934254308,864552222,4
934254309,1482711227,4.5
934254310,4177614144,4
934254311,1058706028,3.5
934254312,1819420322,3.5
934254313,503757402,4
934254314,1822422922,4.5
934254315,4163401183,3.4
934254316,127330087,3.5
934254317,2089269983,4.2
934254318,1991614681,4.1
934254319,3196109603,3.5
934254320,4272928065,4
934254321,2850002904,4.5
934254322,2822521592,4
934254323,458309846,3.5
934254324,1225402368,3.5
934254325,3852047805,3
934254326,2593358539,4.5
934254327,3549158773,3.4
934254328,2946369544,3.5
934254329,3126488810,4.2
934254330,3295084350,4.1
934254331,952224468,3
934254332,4272405733,3.5
934254333,1334777997,3
934254334,1103164760,3.5
934254335,3132346108,4
934254336,3529380741,4.5
934254337,3663251922,4
934254338,3510775414,3.5
934254339,166687754,3.5
934254340,148795992,4
934254341,2709669163,4.5
934254342,3023195561,3.4
934254343,4003149452,3.5
934254344,4013884443,4.2
934254345,2340420164,4.1
934254346,3675050328,3.5
934254347,1273098738,4
934254348,2714425498,4.5
934254349,742386309,4
934254350,3770253549,3.5
934254351,1817242392,3.5
934254352,586433846,4
934254353,45455230,4.5
934254354,4161942003,3.4
934254355,571948297,3.5
934254356,4124873032,4.2
934254357,894368659,4.1
934254358,1200534865,3.5
934254359,2124271121,4
934254360,1850804472,4.5
934254361,3428730590,4
934254362,576346461,3.5
934254363,1205456542,3.5
934254364,1820052618,3
934254365,2079859998,4.5
934254366,4095484738,3.4
934254367,3967304499,3.5
934254368,3185012729,4.2
934254369,291461615,4.1
934254370,1303409017,3
934254371,3625238230,3.5
934254372,3203080758,3
934254373,1790888447,3.5
934254374,2901093201,4
934254375,1953202168,4.5
934254376,2046368565,4
934254377,3672225204,3.5
934254378,3787463578,3.5
934254379,347223367,4
934254380,116409056,4.5
934254381,2551057005,3.4
934254382,3314304607,3.5
934254383,3061335892,4.2
934254384,94819510,4.1
934254385,2932429747,3.5
934254386,1776943103,4
934254387,2167596975,4.5
934254388,2945705652,4
934254389,2348525535,3.5
934254390,2763631537,3.5
934254391,926657283,4
934254392,1840608646,4.5
934254393,3612276314,3.4
934254394,962283003,3.5
934254395,3771335843,4.2
934254396,4272911320,4.1
934254397,3640178412,3.5
934254398,818704724,4
934254399,2318014312,4.5
934254400,1730578305,4
934254401,10434065,3.5
934254402,853741939,3.5
934254403,1652565532,3
934254404,841250291,4.5
934254405,357700233,3.4
934254406,2280544996,3.5
934254407,3335763962,4.2
934254408,3248585097,4.1
934254409,3167158602,3
934254410,3374356309,3.5
934254411,64795887,3
934254412,4198283967,4.5
934254413,2537074413,3.4
934254414,3706420497,3.5
934254415,2368071112,4.2
934254416,2771875625,4.1
934254417,2254762804,3
934254418,3327464880,3.5
934254419,389488599,3
934254420,829535425,3.5
934254421,494454333,4
934254422,112673609,4.5
934254423,4112951228,4
934254424,1099079849,3.5
934254425,3527858449,3.5
934254426,2994384076,4
934254427,3211155871,4.5
934254428,1427080209,3.4
934254429,144576760,3.5
934254430,2771935972,4.2
934254431,3248575124,4.1
934254432,4018390971,3.5
934254433,494848400,4
353017097,133279315,4.5
1783068998,689263547,4
3148932631,3219310589,3.5
353017097,2077310230,3.5
353017097,564723139,4
353017097,1055972216,3
353017097,2393591080,4.5
353017097,1644658511,3.4
353017097,3625594170,3.5
353017097,701408478,4.2
353017097,1299761015,4.1
353017097,1322340964,3
353017097,234670463,3.5
353017097,1051717178,3
353017097,2236055416,3.5
353017097,1951616479,4
353017097,1512015439,4.5
353017097,1875743955,4
353017097,1926016144,3.5
353017097,3367955402,3.5
353017097,1450269242,4
353017097,4184458463,4.5
353017097,1800593895,3.4
353017097,642730766,3.5
353017097,3017800232,4.2
353017097,3679021532,4.1
353017097,1585491355,3.5
353017097,1195195222,4
353017097,3961166154,4.5
353017097,717715553,4
353017097,2833289965,3.5
353017097,4043535917,3.5
353017097,2736737731,4
353017097,2018576103,3
353017097,263168437,4.5
353017097,3615246335,3.4
353017097,3243944770,3.5
353017097,2825913869,4.2
353017097,2078090078,4.1
353017097,2622732795,3
353017097,4255489862,3.5
353017097,4183852366,3
353017097,3720451542,3.5
353017097,3704887732,4
353017097,613765839,4.5
353017097,2105896460,4
353017097,3046996699,3.5
353017097,2033777194,3.5
353017097,3887282152,4
353017097,3510210290,4.5
353017097,4126171685,3.4
353017097,1879241170,3.5
353017097,435021773,4.2
353017097,958407882,4.1
353017097,4167749572,3.5
353017097,1262754606,4
